project_name,url
Fortune Butterfly City,/in/buy/projects/page/30278-fortune-butterfly-city-by-fortune-infra-developers-in-kadthal
Akshita Golden Breeze 5,/in/buy/projects/page/276075-akshita-golden-breeze-5-by-akshita-infra-in-maheshwaram
Omsree Heights,/in/buy/projects/page/237785-omsree-heights-by-om-sree-builders-developers-in-kowkur
Omsree Brilliance,/in/buy/projects/page/251817-omsree-brilliance-by-om-sree-builders-developers-in-yapral
Gk Zenith,/in/buy/projects/page/250865-gk-zenith-by-gk-builders-developers-in-yapral
Green Rich,/in/buy/projects/page/320353-green-rich-by-githam-group-in-chevella
Navya Uvera Heights,/in/buy/projects/page/264094-navya-uvera-heights-by-navya-developers-in-lb-nagar
APR Praveens Higheria,/in/buy/projects/page/235814-apr-praveens-higheria-by-apr-group-in-patancheru
Future Highway Downtown,/in/buy/projects/page/264901-future-highway-downtown-by-future-acres-in-kothur
Vishwadharini KGF County,/in/buy/projects/page/290677-vishwadharini-kgf-county-by-vishwadharini-in-keesara
VNG Projects,/in/buy/projects/page/315874-vng-projects-by-veeramalla-narasimha-goud-and-others-in-bhuvanagiri
Riddhi Pramukh Elegance,/in/buy/projects/page/268346-riddhi-pramukh-elegance-by-riddhi-group-in-suchitra
Vazhraa Prathik,/in/buy/projects/page/275627-vazhraa-prathik-by-vazhraa-nirmaan-pvt-ltd-in-nizampet
Syamantaka Emerald Heights,/in/buy/projects/page/260918-syamantaka-emerald-heights-by-syamantaka-infra-in-bachupally
EIPL Cornerstone,/in/buy/projects/page/284760-eipl-cornerstone-by-eipl-in-puppalaguda
Kalyan Skyway 9,/in/buy/projects/page/272048-kalyan-skyway-9-by-kalyan-infra-projects-in-manchirevula
Shree Krishna Homes,/in/buy/projects/page/252526-shree-krishna-homes-by-shree-krishna-homes-in-kompally
Thimu Blue Bell,/in/buy/projects/page/311729-thimu-blue-bell-by-thimu-avenues-in-kompally
Hallmark Sunnyside,/in/buy/projects/page/236727-hallmark-sunnyside-by-hallmark-builders-in-manchirevula
Risinia Skyon,/in/buy/projects/page/252043-risinia-skyon-by-risinia-builders-in-bachupally
Muppa Melody,/in/buy/projects/page/255772-muppa-melody-by-muppa-projects-india-pvt-ltd-in-osman-nagar
Suvidha Yasodhatri Pharma Township,/in/buy/projects/page/315822-suvidha-yasodhatri-pharma-township-by-suvidha-estates-in-kadthal
Nirmal Landmark,/in/buy/projects/page/231481-nirmal-landmark-by-nirmal-shelters-p-ltd-in-ramanthapur
Aakriti Miro,/in/buy/projects/page/42401-aakriti-miro-by-aakriti-constructions-and-developers-pvt-ltd-in-nallagandla
Aakriti Honey Dew,/in/buy/projects/page/10108-aakriti-honey-dew-by-aakriti-constructions-and-developers-pvt-ltd-in-osman-nagar
Sri Aditya Athena,/in/buy/projects/page/203887-sri-aditya-athena-by-sri-aditya-homes-pvt-ltd-in-manikonda
YBR Avasa Hills,/in/buy/projects/page/227073-ybr-avasa-hills-by-ybinfra-in-adibatla
Suchirindia Odyssey,/in/buy/projects/page/7216-suchirindia-odyssey-by-suchirindia-constructions-pvt-ltd-in-yamnampet
Legacy Legend Golden Gate,/in/buy/projects/page/199188-legacy-legend-golden-gate-by-legacy-avenues-private-limited-in-shadnagar
Giridhari Prospera County,/in/buy/projects/page/53162-giridhari-prospera-county-by-giridhari-constructions-in-kismatpur
Fortune Green Sapphire,/in/buy/projects/page/261683-fortune-green-sapphire-by-fortune-green-homes-in-tellapur
RKs Oxygen Homes,/in/buy/projects/page/267413-rks-oxygen-homes-by-idream-sai-rk-infra-in-pragathi-nagar
SRR Gachibowli Paradise County Phase 4,/in/buy/projects/page/272058-srr-gachibowli-paradise-county-phase-4-by-srr-fortune-infra-in-patancheru
My Home Tarkshya,/in/buy/projects/page/231683-my-home-tarkshya-by-my-home-constructions-pvt-ltd-in-kokapet
Sri Balaji Homes,/in/buy/projects/page/285367-sri-balaji-homes-by-sri-balaji-homes-builders-and-developers-in-kompally
YBR Avasa Hills,/in/buy/projects/page/227073-ybr-avasa-hills-by-ybinfra-in-adibatla
Suchirindia Odyssey,/in/buy/projects/page/7216-suchirindia-odyssey-by-suchirindia-constructions-pvt-ltd-in-yamnampet
Legacy Legend Golden Gate,/in/buy/projects/page/199188-legacy-legend-golden-gate-by-legacy-avenues-private-limited-in-shadnagar
Giridhari Prospera County,/in/buy/projects/page/53162-giridhari-prospera-county-by-giridhari-constructions-in-kismatpur
Green Lorven County,/in/buy/projects/page/282205-green-lorven-county-by-green-ville-projects-private-limited-in-sadasivpet
Janapriya Nile Valley,/in/buy/projects/page/236-janapriya-nile-valley-by-janapriya-engineers-syndicate-in-miyapur
Akshita Golden Breeze 4,/in/buy/projects/page/280164-akshita-golden-breeze-4-by-akshita-infra-in-maheshwaram
Sukrithi Sannidhi Ankura,/in/buy/projects/page/277377-sukrithi-sannidhi-ankura-by-sukrithi-developers-and-ventures-pvt-ltd-in-tukkuguda
Aliens Hub,/in/buy/projects/page/99719-aliens-hub-by-aliens-hub-in-kadthal
Valandis Home,/in/buy/projects/page/316039-valandis-home-by-sk-developers-in-zaheerabad
Trishala The Village,/in/buy/projects/page/44466-trishala-the-village-by-trishala-infrastructure-in-sathamrai-village
Rudraram County,/in/buy/projects/page/319447-rudraram-county-by-suryachandra-developers-in-rudraram
Swayam Prime Enclave,/in/buy/projects/page/302448-swayam-prime-enclave-by-swayam-krushi-infra-projects-in-ghatkesar
Vinayaka Vision County,/in/buy/projects/page/272827-vinayaka-vision-county-by-vinayaka-developer-hyderabad-in-sadasivpet
Hastina Nature City,/in/buy/projects/page/268250-hastina-nature-city-by-hastina-realty-pvt-ltd-in-shadnagar
Sahuri County 3,/in/buy/projects/page/320959-sahuri-county-3-by-sahuri-infra-projects-in-alair
Akshita E City Enclave,/in/buy/projects/page/301550-akshita-e-city-enclave-by-akshita-infra-in-maheshwaram
GBR Cyber Town Ship,/in/buy/projects/page/313564-gbr-cyber-town-ship-by-gbr-groups-infra-developers-in-ibrahimpatnam
Pavani Royale,/in/buy/projects/page/317559-pavani-royale-by-pavani-group-in-kothur
Apex Lake Side,/in/buy/projects/page/308311-apex-lake-side-by-apex-ecosystems-llp-in-dullapally
PAMENA GREENS,/in/buy/projects/page/254253-pamena-greens-by-neemsboro-farms-private-limited-in-chevella
Zonah Azam Farm Elegant County,/in/buy/projects/page/316493-zonah-azam-farm-elegant-county-by-zonah-developers-p-ltd-in-kethireddypally
Merlion Galaxia,/in/buy/projects/page/265095-merlion-galaxia-by-merlion-builders-in-nizampet
Fortune Grand Extension 2 189 2021 H,/in/buy/projects/page/286459-fortune-grand-extension-2-189-2021-h-by-fortune-infra-developers-in-kadthal
Anuhar Gautami Heights,/in/buy/projects/page/301811-anuhar-gautami-heights-by-anuhar-homes-pvt-ltd-in-miyapur
Varahi Whealth Atoms,/in/buy/projects/page/306973-varahi-whealth-atoms-by-western-magic-developers-in-sadasivpet
Spring Field Vantage,/in/buy/projects/page/286543-spring-field-vantage-by-harshitha-infra-and-developers-in-rudraram
SSL Peacock Estate,/in/buy/projects/page/289558-ssl-peacock-estate-by-ssl-infra-developers-in-sadasivpet
True The Orchard,/in/buy/projects/page/290810-true-the-orchard-by-true-citi-projects-llp-in-kondurg
Future Shadnagar Downtown,/in/buy/projects/page/289990-future-shadnagar-downtown-by-future-acres-in-shadnagar
Indraprastha Residency,/in/buy/projects/page/264818-indraprastha-residency-by-sri-nidhi-constructions-in-bachupally
Neemsboro Oxyridge Farms,/in/buy/projects/page/281156-neemsboro-oxyridge-farms-by-neemsboro-farms-private-limited-in-narayankhed
Future Rajapur Pride,/in/buy/projects/page/318752-future-rajapur-pride-by-future-acres-in-shadnagar
Myscape Loft,/in/buy/projects/page/251007-myscape-loft-by-myscape-properties-private-limited-in-nanakaramguda
SSV Krishna Heights,/in/buy/projects/page/252484-ssv-krishna-heights-by-ssv-constructions-and-developers-in-peerzadiguda
JV NC Vihanga,/in/buy/projects/page/318082-jv-nc-vihanga-by-jv-estate-infra-developers-in-patancheru
Swarna Boomi The Plam Valley,/in/buy/projects/page/288848-swarna-boomi-the-plam-valley-by-sampangi-bio-farms-pvt-ltd-in-narayankhed
My Space 2,/in/buy/projects/page/265885-my-space-2-by-makuta-projects-in-bachupally
Yugandhar RRR Riverside,/in/buy/projects/page/302260-yugandhar-rrr-riverside-by-yugandhar-real-stone-in-sangareddy
Western County,/in/buy/projects/page/251352-western-county-by-green-city-dukes-estates-llp-in-singapur
Venice City,/in/buy/projects/page/254017-venice-city-by-mirchi-developers-in-patancheru
Fortune Smart City 1,/in/buy/projects/page/315825-fortune-smart-city-1-by-fortune-infra-developers-in-amangal
HPR Avani,/in/buy/projects/page/288624-hpr-avani-by-hpr-infra-in-kandi
Makuta My Space,/in/buy/projects/page/237077-makuta-my-space-by-makuta-developers-in-bachupally
Urbanline Harmonia,/in/buy/projects/page/319592-urbanline-harmonia-by-urbanline-infra-developers-in-medchal
Sarvagna M N D Avenue,/in/buy/projects/page/315395-sarvagna-m-n-d-avenue-by-sarvagna-projects-in-medchal
Kompally County 111,/in/buy/projects/page/300790-kompally-county-111-by-greater-infra-projects-in-kompally
Bhashyam Emerald County,/in/buy/projects/page/309265-bhashyam-emerald-county-by-bhashyam-developers-in-thimmapur
IRA Aerocity,/in/buy/projects/page/264359-ira-aerocity-by-ira-realty-in-shamshabad
Neemsboro Bharani Avenues,/in/buy/projects/page/276290-neemsboro-bharani-avenues-by-neemsboro-farms-private-limited-in-zaheerabad
Sunrise Golden Galaxy,/in/buy/projects/page/300590-sunrise-golden-galaxy-by-sunrise-infra-properties-pvt-ltd-in-shadnagar
Adrustar The Rising Maheshwaram Golden City,/in/buy/projects/page/320786-adrustar-the-rising-maheshwaram-golden-city-by-adrustar-developers-pvt-ltd-in-maheshwaram
Middle Town,/in/buy/projects/page/278540-middle-town-by-sr-constructions-in-medchal
NDR Vipasa,/in/buy/projects/page/262303-ndr-vipasa-by-ndr-developers-in-shankarpally
Vasavi Green Leaf,/in/buy/projects/page/280500-vasavi-green-leaf-by-vasavi-group-in-shamirpet
Hallmark 5A,/in/buy/projects/page/273045-hallmark-5a-by-hallmark-builders-in-velimela
GS Best Villa Plots,/in/buy/projects/page/320177-gs-best-villa-plots-by-gs-avenue-infotech-in-gandimaisamma
Shashwita Grandeur,/in/buy/projects/page/282888-shashwita-grandeur-by-shashwita-developers-pvt-ltd-in-shadnagar
Garnitha Meadows,/in/buy/projects/page/300783-garnitha-meadows-by-garnitha-builders-hyderabad-in-aminpur
SJP E City,/in/buy/projects/page/294925-sjp-e-city-by-sjp-group-in-maheshwaram
Signature Fortius,/in/buy/projects/page/233237-signature-fortius-by-signature-avenues-in-isnapur
4 Blocks,/in/buy/projects/page/250789-4-blocks-by-beams-and-columns-builders-pvt-ltd-in-suchitra
GHR Titania,/in/buy/projects/page/234311-ghr-titania-by-ghr-infra-in-serilingampally
ASBL Spire,/in/buy/projects/page/251100-asbl-spire-by-ashoka-builders-india-private-limited-in-kokapet
Hallmark County,/in/buy/projects/page/251207-hallmark-county-by-hallmark-infracon-i-pvt-ltd-in-osman-nagar
Bhashyam Westerne County,/in/buy/projects/page/293210-bhashyam-westerne-county-by-bhashyam-developers-in-shankarpally
Sree Kalpa Luxor,/in/buy/projects/page/286014-sree-kalpa-luxor-by-sree-kalpa-projects-in-bachupally
APR Vaarahi Praveens Hynora,/in/buy/projects/page/264914-apr-vaarahi-praveens-hynora-by-apr-group-in-gagillapur
Anuhar Towers,/in/buy/projects/page/255167-anuhar-towers-by-anuhar-homes-pvt-ltd-in-puppalaguda
Ambience Courtyard,/in/buy/projects/page/235465-ambience-courtyard-by-koncept-ambience-in-manikonda
Aakriti Miro Block A,/in/buy/projects/page/254329-aakriti-miro-block-a-by-aakriti-constructions-and-developers-pvt-ltd-in-nallagandla
NCC Cyber Urbania,/in/buy/projects/page/239373-ncc-cyber-urbania-by-ncc-urban-infrastructure-limited-in-osman-nagar
Sree Kalpa Pristine,/in/buy/projects/page/264979-sree-kalpa-pristine-by-sree-kalpa-projects-in-bachupally
Super Homes Abhirama,/in/buy/projects/page/238224-super-homes-abhirama-by-super-homes-constructions-in-lb-nagar
Sri jayavilasini Temple Town,/in/buy/projects/page/273901-sri-jayavilasini-temple-town-by-sri-jayavilasini-developers-and-constructions-pvt-ltd-in-kadthal
PVR Anmol,/in/buy/projects/page/253091-pvr-anmol-by-pvr-developers-in-bachupally
GREENTECH O2 Community,/in/buy/projects/page/262216-greentech-o2-community-by-sri-aditya-squares-in-rameshwaram-banda
Aavasa Emerald,/in/buy/projects/page/264512-aavasa-emerald-by-aavasa-constructions-in-lb-nagar
Vistara Delight Heights,/in/buy/projects/page/264221-vistara-delight-heights-by-vistara-projects-in-kompally
Vasudaika Southfields,/in/buy/projects/page/274473-vasudaika-southfields-by-vasudaika-realty-llp-in-maheshwaram
Greenspace Celestial,/in/buy/projects/page/278392-greenspace-celestial-by-greenspace-housing-and-engineers-in-kokapet
Indo Eco O2 Zone Villas,/in/buy/projects/page/283718-indo-eco-o2-zone-villas-by-indo-infra-developers-p-limited-in-ghatkesar
GVR Green Rich County,/in/buy/projects/page/293580-gvr-green-rich-county-by-gvr-infra-in-kompally
Geethan Laxmi Niwas,/in/buy/projects/page/316567-geethan-laxmi-niwas-by-geethan-infra-in-gajularamaram
YBR Avasa Pride,/in/buy/projects/page/295887-ybr-avasa-pride-by-ybinfra-in-adibatla
Dinesh Auric,/in/buy/projects/page/264449-dinesh-auric-by-dinesh-projects-in-bachupally
Chandras Green Park,/in/buy/projects/page/264310-chandras-green-park-by-chandra-group-in-shamirpet
SR MSRs Serene City,/in/buy/projects/page/264519-sr-msrs-serene-city-by-sr-builders-and-developers-hyderabad-in-miyapur
Kinetic Palazzo,/in/buy/projects/page/278927-kinetic-palazzo-by-kinetic-homes-hyderabad-in-nallagandla
NRI Green County,/in/buy/projects/page/283527-nri-green-county-by-green-ville-projects-private-limited-in-sadasivpet
Unique Sree Shubham Enclave,/in/buy/projects/page/287630-unique-sree-shubham-enclave-by-unique-infra-projects-in-ramoji-film-city
SMR Vinay Boulder Woods,/in/buy/projects/page/250828-smr-vinay-boulder-woods-by-smr-holdings-in-bandlaguda-jagir
Jains Balaji Nilayam Casa Waterside,/in/buy/projects/page/252650-jains-balaji-nilayam-casa-waterside-by-jain-constructions-in-malkajgiri
H And M Samshraya Homes,/in/buy/projects/page/252801-h-and-m-samshraya-homes-by-h-m-avenue-projects-private-limited-in-kukatpally
Oakshir Villas,/in/buy/projects/page/254445-oakshir-villas-by-hallmark-builders-in-malikdanguda
YBR Avasa Pride,/in/buy/projects/page/295887-ybr-avasa-pride-by-ybinfra-in-adibatla
Greater Global City RRR,/in/buy/projects/page/286473-greater-global-city-rrr-by-greater-infra-projects-in-sangareddy
Tripuras Green Alpha,/in/buy/projects/page/235811-tripuras-green-alpha-by-tripura-constructions-in-tellapur
Lansum Eden Gardens,/in/buy/projects/page/236529-lansum-eden-gardens-by-lansum-properties-llp-in-kondapur
Meda Prestige,/in/buy/projects/page/264907-meda-prestige-by-mrkr-constructions-industries-in-miyapur
SR Rain Forest,/in/buy/projects/page/299201-sr-rain-forest-by-sr-builders-in-neknampur
Urban Orchids,/in/buy/projects/page/255444-urban-orchids-by-urban-unnati-homes-in-kompally
Nebula Aavaas,/in/buy/projects/page/48672-nebula-aavaas-by-nebula-aavaas-in-bachupally
Saanvee Civitas,/in/buy/projects/page/103088-saanvee-civitas-by-saanvee-group-in-sanath-nagar
Jain Salzburg,/in/buy/projects/page/34873-jain-salzburg-by-jain-housing-constructions-ltd-in-bandlaguda-jagir
MPR Urban City,/in/buy/projects/page/201700-mpr-urban-city-by-tranquillo-projects-and-holdings-pvt-ltd-in-patancheru
MC SM Avenue,/in/buy/projects/page/35653-mc-sm-avenue-by-mc-builders-and-developers-in-bandlaguda-jagir
APR Praveens Crystal Avenue,/in/buy/projects/page/201847-apr-praveens-crystal-avenue-by-apr-group-in-hayathnagar
Prestige High Fields,/in/buy/projects/page/31142-prestige-high-fields-by-prestige-estates-projects-ltd-in-nanakaramguda
Phoenix Halcyon,/in/buy/projects/page/42233-phoenix-halcyon-by-phoenix-group-in-jubilee-hills
Vision Urjith,/in/buy/projects/page/5167-vision-urjith-by-vision-avenues-pvt-ltd-in-osman-nagar
Sattva Magnus,/in/buy/projects/page/37533-sattva-magnus-by-sattva-group-in-toli-chowki
Shanta Brookwoods,/in/buy/projects/page/30274-shanta-brookwoods-by-shantasriram-constructions-pvt-ltd-in-kismatpur
Urban One,/in/buy/projects/page/31444-urban-one-by-ncc-urban-infrastructure-limited-in-kokapet
Unnati Shreerath,/in/buy/projects/page/47416-unnati-shreerath-by-unnati-group-in-nizampet
Aakriti ARV Viva,/in/buy/projects/page/8606-aakriti-arv-viva-by-aakriti-constructions-and-developers-pvt-ltd-in-osman-nagar
Sri Aditya Le Grandiose,/in/buy/projects/page/114411-sri-aditya-le-grandiose-by-sri-aditya-homes-pvt-ltd-in-jubilee-hills
Ayyanna Pristine,/in/buy/projects/page/202626-ayyanna-pristine-by-ayyanna-infra-pvt-ltd-in-madhapur
BSCPL Bollineni Bion,/in/buy/projects/page/201855-bscpl-bollineni-bion-by-bscpl-infrastructure-ltd-in-kondapur
SMR SMS Vinay Casa Carino,/in/buy/projects/page/121771-smr-sms-vinay-casa-carino-by-smr-holdings-in-bandlaguda-jagir
Niharika Landmark,/in/buy/projects/page/134858-niharika-landmark-by-niharika-projects-in-serilingampally
SMR Vinay Iconia,/in/buy/projects/page/202010-smr-vinay-iconia-by-smr-holdings-in-kondapur
Sri Cypress Palms,/in/buy/projects/page/24533-sri-cypress-palms-by-sri-sreenivasa-constructions-in-hafeezpet
Anuhar Art Of Living,/in/buy/projects/page/198396-anuhar-art-of-living-by-anuhar-homes-pvt-ltd-in-puppalaguda
Koncept Botanika,/in/buy/projects/page/25301-koncept-botanika-by-koncept-ambience-in-gachibowli
Anuhar Rami Reddy Towers,/in/buy/projects/page/96698-anuhar-rami-reddy-towers-by-anuhar-homes-pvt-ltd-in-puppalaguda
Sark Three,/in/buy/projects/page/33255-sark-three-by-sark-projects-india-pvt-ltd-in-mokila
Sumadhura Horizon,/in/buy/projects/page/202016-sumadhura-horizon-by-sumadhura-infracon-pvt-ltd-in-kondapur
Aliens Space Station,/in/buy/projects/page/7178-aliens-space-station-by-aliens-developers-pvt-ltd-in-tellapur
Praneeth APR Pranav Townsquare,/in/buy/projects/page/202645-praneeth-apr-pranav-townsquare-by-praneeth-group-in-bachupally
Siyora Royal Court,/in/buy/projects/page/114293-siyora-royal-court-by-siyora-developers-in-ghatkesar
Living Landmarks Whitefields,/in/buy/projects/page/231222-living-landmarks-whitefields-by-living-landmarks-infratech-in-chevella
JB Serene City Ph 2,/in/buy/projects/page/225653-jb-serene-city-ph-2-by-jb-infra-groups-in-ibrahimpatnam
ZR Ivory Towers,/in/buy/projects/page/7998-zr-ivory-towers-by-zr-infra-limited-in-quthbullapur
Vijaya Idea Samskruthi Dew Drops,/in/buy/projects/page/261362-vijaya-idea-samskruthi-dew-drops-by-vijaya-infra-developers-in-yamnampet
Bhashyam RRR County,/in/buy/projects/page/268952-bhashyam-rrr-county-by-bhashyam-developers-in-shankarpally
Lake Front,/in/buy/projects/page/272273-lake-front-by-prime-infra-hyderabad-in-neknampur
Kingston Meadows Phase I,/in/buy/projects/page/285354-kingston-meadows-phase-i-by-sukruthi-nivas-infraa-developers-in-patancheru
Vasu Sri Sunrise,/in/buy/projects/page/231998-vasu-sri-sunrise-by-vasu-sri-infra-projects-in-kompally
JSR Suncity Capital,/in/buy/projects/page/231723-jsr-suncity-capital-by-jsr-sun-city-in-krishna-reddy-pet
Budera Bliss,/in/buy/projects/page/270410-budera-bliss-by-haripriya-developers-in-sadasivpet
T Homes Alavaikuntapuram II,/in/buy/projects/page/285352-t-homes-alavaikuntapuram-ii-by-t-homes-infra-developers-in-shankarpally
Vaishnavi Sachidananda Elite,/in/buy/projects/page/134772-vaishnavi-sachidananda-elite-by-vaishnavi-infracon-india-pvt-ltd-in-jillelguda
Lake View Park,/in/buy/projects/page/115156-lake-view-park-by-kkr-and-silpa-group-in-sangareddy
Sree Homes Indivar Villas,/in/buy/projects/page/42617-sree-homes-indivar-villas-by-sree-homes-constructions-in-appa-junction
Sanman Trinity Villas,/in/buy/projects/page/134431-sanman-trinity-villas-by-sanman-homes-in-kompally
Sree Villas,/in/buy/projects/page/41830-sree-villas-by-sree-homes-constructions-in-darga-khaliz-khan
Sparkle Inara,/in/buy/projects/page/226087-sparkle-inara-by-jagathswapna-realtors-in-aushapur
Risinia Trendilla,/in/buy/projects/page/201925-risinia-trendilla-by-risinia-builders-in-bollaram-industrial-area
Saket Pranamam,/in/buy/projects/page/93064-saket-pranamam-by-saket-engineers-pvt-ltd-in-kompally
Shukruthi Samprada Oaks,/in/buy/projects/page/286983-shukruthi-samprada-oaks-by-shukruthi-infra-projects-in-sadasivpet
Sanarelli,/in/buy/projects/page/253997-sanarelli-by-speed-housing-llp-in-bachupally
Canny MNR Elite,/in/buy/projects/page/263331-canny-mnr-elite-by-canny-group-in-kapra
Raja Royal Orchids,/in/buy/projects/page/283182-raja-royal-orchids-by-raja-developers-and-builders-in-miyapur
Sanvi Kowsalya Manidweepam,/in/buy/projects/page/264488-sanvi-kowsalya-manidweepam-by-sanvi-infra-projects-pvt-ltd-in-bachupally
TMR Swiss County,/in/buy/projects/page/251546-tmr-swiss-county-by-tmr-group-in-gangaram
Indo Ghatkesar Glory City,/in/buy/projects/page/257053-indo-ghatkesar-glory-city-by-indo-infra-developers-p-limited-in-ghatkesar
Skypx Iris,/in/buy/projects/page/283050-skypx-iris-by-skypx-builders-in-patancheru
Harsham,/in/buy/projects/page/270831-harsham-by-alterra-projects-private-limited-in-peerzadiguda
VR Elite Royal Grand,/in/buy/projects/page/283058-vr-elite-royal-grand-by-vr-elite-builders-and-developers-in-aminpur
Mahesh Sri Village Villas,/in/buy/projects/page/231269-mahesh-sri-village-villas-by-mahesh-plots-pvt-ltd-in-nanakram-guda
Westbrook,/in/buy/projects/page/309378-westbrook-by-park-square-properties-in-shadnagar
Urban Commune Villas,/in/buy/projects/page/282645-urban-commune-villas-by-creative-homes-in-mokila
JK Platinum Heights,/in/buy/projects/page/283381-jk-platinum-heights-by-jk-infra-projects-in-isnapur
Jaya Anu Homes,/in/buy/projects/page/286607-jaya-anu-homes-by-agastya-developers-in-malkapur
Ayati Lake View ,/in/buy/projects/page/265155-ayati-lake-view-by-ayati-properties-in-chengicherla
Honer Aquantis,/in/buy/projects/page/227035-honer-aquantis-by-honer-developers-pvt-ltd-in-gopanapalli
Habitat Ira,/in/buy/projects/page/264474-habitat-ira-by-habitat-infrastructures-in-uppal
Bharti Builder,/in/buy/projects/page/288667-bharti-builder-by-bharti-builder-in-kompally
Pallavi Gardenia,/in/buy/projects/page/229914-pallavi-gardenia-by-pallavi-developers-in-nagole
Dwelton One,/in/buy/projects/page/276524-dwelton-one-by-ri-developers-in-bachupally
TJRS Maanik Abode,/in/buy/projects/page/282457-tjrs-maanik-abode-by-sri-sai-builders-developers-in-peerzadiguda
E11 Evolve,/in/buy/projects/page/271155-e11-evolve-by-e11-homes-in-gundlapochampalli
Kaku Green Rich Homes,/in/buy/projects/page/316411-kaku-green-rich-homes-by-kaku-infra-developers-in-kadthal
TNR Sulakshana,/in/buy/projects/page/5043-tnr-sulakshana-by-tnr-constructions-india-pvt-ltd-in-hastinapuram
Sunyuga Elegance,/in/buy/projects/page/263076-sunyuga-elegance-by-sunyuga-infra-pvt-ltd-in-gundlapochampalli
Fortune PSLR Shikhara,/in/buy/projects/page/302494-fortune-pslr-shikhara-by-fortune-homes-builders-and-developers-in-kompally
Aditya's Fairmont,/in/buy/projects/page/33832-adityas-fairmont-by-aditya-construction-company-in-toli-chowki
Lavoura Hill Side,/in/buy/projects/page/316343-lavoura-hill-side-by-lavoura-group-in-maheshwaram
Spalena,/in/buy/projects/page/262415-spalena-by-sri-jagathswapna-infra-projects-in-ghatkesar
Trio Padmavathi Blooms,/in/buy/projects/page/310709-trio-padmavathi-blooms-by-trio-builders-and-developers-in-bachupally
JVR Haritha Residency,/in/buy/projects/page/199028-jvr-haritha-residency-by-jvr-constructions-in-hastinapuram
Sai Pragathi Sukha Vistas,/in/buy/projects/page/57565-sai-pragathi-sukha-vistas-by-sai-pragathi-group-in-habsiguda
VR Exotica Grand,/in/buy/projects/page/17701-vr-exotica-grand-by-vr-and-company-in-chandanagar
Lakshmis Emperia,/in/buy/projects/page/251178-lakshmis-emperia-by-lakshmi-infra-projects-llp-in-miyapur
The Building Rasagna North,/in/buy/projects/page/250901-the-building-rasagna-north-by-the-building-company-in-kompally
Orange Artha,/in/buy/projects/page/254602-orange-artha-by-orange-realty-in-peerzadiguda
Green Leaves Aura,/in/buy/projects/page/264460-green-leaves-aura-by-green-leaves-infra-in-lb-nagar
VIVA CITY,/in/buy/projects/page/279835-viva-city-by-indis-in-nallagandla
RBR Infra,/in/buy/projects/page/283004-rbr-infra-by-rbr-infra-in-saroornagar
Magma Nature City,/in/buy/projects/page/285079-magma-nature-city-by-magma-developers-in-shadnagar
Sree Suryaa Aditya Premier,/in/buy/projects/page/286640-sree-suryaa-aditya-premier-by-sree-suryaa-developers-in-narsingi
Abode M J Lakeview,/in/buy/projects/page/274622-abode-m-j-lakeview-by-abode-developers-in-aminpur
SVLN Heights,/in/buy/projects/page/254014-svln-heights-by-svln-constructions-and-infrastructure-in-nizampet
VNMS,/in/buy/projects/page/298473-vnms-by-vnms-properties-in-khaja-guda
ASPEN Valley,/in/buy/projects/page/300820-aspen-valley-by-bpr-real-estate-in-shankarpally
Lotus Grand,/in/buy/projects/page/269445-lotus-grand-by-lotus-projects-in-kokapet
Cozy Essence Elite,/in/buy/projects/page/269469-cozy-essence-elite-by-cozy-essence-builders-in-dullapally
Sathguru Aparna Grand,/in/buy/projects/page/296197-sathguru-aparna-grand-by-sathguru-homes-in-sadasivpet
Siyora Shreyas,/in/buy/projects/page/305547-siyora-shreyas-by-siyora-developers-in-bibinagar
Sai Balaji Residency,/in/buy/projects/page/201683-sai-balaji-residency-by-sai-balaji-projects-in-patancheru
Green Mark Mayfair Apartments,/in/buy/projects/page/125374-green-mark-mayfair-apartments-by-greenmark-developers-in-osman-nagar
Lalitha Majestic,/in/buy/projects/page/287392-lalitha-majestic-by-lalitha-construction-and-developers-in-chandanagar
Nexuselite Jewel,/in/buy/projects/page/310014-nexuselite-jewel-by-nexuselite-infra-developers-in-bhuvanagiri
Nirvana Cross Town,/in/buy/projects/page/296531-nirvana-cross-town-by-nirvana-infra-build-pvt-ltd-in-bachupally
Nexuselite Jewel,/in/buy/projects/page/310014-nexuselite-jewel-by-nexuselite-infra-developers-in-bhuvanagiri
Elysian Homes,/in/buy/projects/page/281885-elysian-homes-by-mr-property-ventures-pvt-ltd-in-kothaguda
Star Cresento,/in/buy/projects/page/43114-star-cresento-by-star-homes-infratech-india-in-kismatpur
One Block 6 Block 12 Block 8,/in/buy/projects/page/199040-one-block-6-block-12-block-8-by-ncc-urban-infrastructure-limited-in-kokapet
Modi Sterling Homes,/in/buy/projects/page/5936-modi-sterling-homes-by-modi-builders-in-gundlapochampalli
Sais Sanjiv Sadhan,/in/buy/projects/page/283383-sais-sanjiv-sadhan-by-sreeven-sai-ram-projects-in-peerzadiguda
Technopolis Solitaire Pride,/in/buy/projects/page/114430-technopolis-solitaire-pride-by-technopolis-construction-company-private-limited-in-nizampet
Thimu Green Space,/in/buy/projects/page/287462-thimu-green-space-by-thimu-avenues-in-kompally
Edifice Grand Dale,/in/buy/projects/page/252531-edifice-grand-dale-by-edifice-constructions-in-aushapur
Ananda Eucalyptus,/in/buy/projects/page/239051-ananda-eucalyptus-by-ananda-homes-in-manikonda
Tripura Landmark Nirvana,/in/buy/projects/page/255218-tripura-landmark-nirvana-by-tripura-constructions-in-bachupally
Sri Virinchi Signature,/in/buy/projects/page/270997-sri-virinchi-signature-by-sri-virinchi-nivas-constructions-in-uppal
UBR Cyber Heights,/in/buy/projects/page/302988-ubr-cyber-heights-by-ubr-infra-in-maheshwaram
Space Vision Group,/in/buy/projects/page/306956-space-vision-group-by-space-vision-group-in-sadasivpet
Independent Triplex House,/in/buy/projects/page/307383-independent-triplex-house-by-inspire-infra-in-puppalaguda
Sri Sai Krishna County,/in/buy/projects/page/274627-sri-sai-krishna-county-by-sri-sai-krishna-property-developers-in-sangareddy
SR East Green County,/in/buy/projects/page/306293-sr-east-green-county-by-sr-real-infra-hyderabad-in-bibinagar
Venkata Sai Homes,/in/buy/projects/page/171237-venkata-sai-homes-by-venkata-sai-construction-in-aminpur
Gowra Urban Winds,/in/buy/projects/page/202650-gowra-urban-winds-by-gowra-in-kismatpur
Jayadarsini Township,/in/buy/projects/page/78661-jayadarsini-township-by-jayadarsini-housing-private-limited-in-medchal
Harsha Sri Vinayaka Enclave,/in/buy/projects/page/303011-harsha-sri-vinayaka-enclave-by-harsha-constructions-in-cherlapalli
SLN Twin Towers,/in/buy/projects/page/300508-sln-twin-towers-by-sln-developers-in-pragathi-nagar
Vision Phoenix Heights,/in/buy/projects/page/272838-vision-phoenix-heights-by-vision-constructions-in-ramachandra-puram
Infocity Marvel,/in/buy/projects/page/283437-infocity-marvel-by-infocity-infratech-in-serilingampally
SVS Venkat Ramko,/in/buy/projects/page/272963-svs-venkat-ramko-by-sv-constructions-in-kaiser-nagar
Greater Globals Highway City,/in/buy/projects/page/278237-greater-globals-highway-city-by-greater-infra-projects-in-sadasivpet
GK Traid,/in/buy/projects/page/293029-gk-traid-by-gk-infra-private-limited-in-sainikpuri
JNR SSR Residency,/in/buy/projects/page/171612-jnr-ssr-residency-by-jnr-builders-in-kothapet
Sai Varshith Kamala Castle,/in/buy/projects/page/134448-sai-varshith-kamala-castle-by-sai-varshith-constructions-in-karmanghat
Sree Bhuvi Pharma City,/in/buy/projects/page/275897-sree-bhuvi-pharma-city-by-sree-bhuvi-developers-in-yacharam
Alpine Square,/in/buy/projects/page/239883-alpine-square-by-ar-anmol-developers-in-patancheru
Abhi Tirumala Hills Narayanadri And Venkatadri,/in/buy/projects/page/250856-abhi-tirumala-hills-narayanadri-and-venkatadri-by-abhi-constructions-in-nizampet
Sandstone Elite Exotica,/in/buy/projects/page/235288-sandstone-elite-exotica-by-sandstone-infra-in-medchal
Sandstone Squar Venture,/in/buy/projects/page/235289-sandstone-squar-venture-by-sandstone-infra-in-isnapur
Aishwarya GPR Residency,/in/buy/projects/page/252633-aishwarya-gpr-residency-by-aishwarya-constructions-in-uppal
Bhuvi Nature Ville II,/in/buy/projects/page/252631-bhuvi-nature-ville-ii-by-bhuvi-developers-hyderabad-in-ghatkesar
Ramky Discovery City,/in/buy/projects/page/236316-ramky-discovery-city-by-ramky-estates-farms-ltd-in-malikdanguda
Fortuner Homes,/in/buy/projects/page/265197-fortuner-homes-by-shiva-sai-constructions-in-pragathi-nagar
Mithila E City,/in/buy/projects/page/264816-mithila-e-city-by-vajra-prekon-in-maheshwaram
SKS Gokulam,/in/buy/projects/page/264673-sks-gokulam-by-sks-gokulam-in-nizampet
Riddhi Golden Nest,/in/buy/projects/page/269553-riddhi-golden-nest-by-riddhi-group-in-manikonda
DRR s Happy Residency,/in/buy/projects/page/269293-drr-s-happy-residency-by-drr-group-in-maheshwaram
Sree Bhuvi Pharma City,/in/buy/projects/page/275897-sree-bhuvi-pharma-city-by-sree-bhuvi-developers-in-yacharam
Brissa,/in/buy/projects/page/277432-brissa-by-hastina-realty-pvt-ltd-in-kadthal
Iconic Buddha Hills,/in/buy/projects/page/279435-iconic-buddha-hills-by-iconic-properties-in-ghatkesar
Prakash Green Avenues,/in/buy/projects/page/281086-prakash-green-avenues-by-prakash-group-hyderbad-in-rudraram
Alekhya Amara County,/in/buy/projects/page/281974-alekhya-amara-county-by-alekhya-estates-in-sadasivpet
Siri Sampada Arun Prime,/in/buy/projects/page/282690-siri-sampada-arun-prime-by-siri-sampada-homes-in-meerpet
Prajwalaa Temple Tree,/in/buy/projects/page/284440-prajwalaa-temple-tree-by-prajwalaa-properties-in-beeramguda
Jai SV Green City,/in/buy/projects/page/284039-jai-sv-green-city-by-jaisv-infra-developers-in-yacharam
Meghana Residency,/in/buy/projects/page/286818-meghana-residency-by-meghana-residency-in-mallapur
SSM Golden Township,/in/buy/projects/page/290349-ssm-golden-township-by-ssm-developers-in-sangareddy
Suvarna Srinivasam,/in/buy/projects/page/292866-suvarna-srinivasam-by-suvarnabhoomi-infra-developers-in-dooskal
KRK Jaya Vihar,/in/buy/projects/page/295274-krk-jaya-vihar-by-krk-infra-in-medchal
Swathi Sree Shankarpalli Hill III,/in/buy/projects/page/261870-swathi-sree-shankarpalli-hill-iii-by-swathi-promoters-private-limited-in-shankarpally
Sripradha Gopala Golukulam,/in/buy/projects/page/264113-sripradha-gopala-golukulam-by-sripradha-constructions-in-kothapet
SAK IT Lake City,/in/buy/projects/page/269884-sak-it-lake-city-by-sak-ventures-in-kandi
Kirthana Lotus Gardens,/in/buy/projects/page/270011-kirthana-lotus-gardens-by-kirthana-properties-pvt-ltd-in-shadnagar
Green City Aerospace County Phase 4,/in/buy/projects/page/251003-green-city-aerospace-county-phase-4-by-green-city-estates-in-pocharam
Engineers Sri Tirumala Millennium Phase II,/in/buy/projects/page/250796-engineers-sri-tirumala-millennium-phase-ii-by-engineers-associates-pvt-ltd-in-nacharam
